{
    "expected_value": 48.45085194501535,
    "optimal_gammas": [
        4.558946033067622,
        4.95448170854532,
        5.009246872260087,
        1.8828035429859769,
        4.07743435523998
    ],
    "optimal_betas": [
        3.1112105327922626,
        2.80450242831727,
        1.5011438820576042,
        0.6743227456268129,
        0.09489233672145272
    ],
    "problem_identifier": "{'W': [1, 1], 'W_max': 2, 'A': 36, 'B': 4, 'C': 144}",
    "now": "2021-05-12 12:48:07",
    "execution_time": "4:00:13.910157",
    "nfev": 9564,
    "message": "Maximum number of iterations has been exceeded.",
    "success": false,
    "nit": 50
}