{
    "expected_value": 22.481781790454757,
    "optimal_gammas": [
        2.7566697842992713,
        3.9276085662469216,
        4.695963829585944
    ],
    "optimal_betas": [
        1.363949681428931,
        2.3968155117780108,
        1.299302358133359
    ],
    "problem_identifier": "{'W': [1, 1, 1], 'W_max': 1, 'A': 16, 'B': 4, 'C': 32}",
    "now": "2021-05-12 02:36:21",
    "execution_time": "0:34:25.022996",
    "nfev": 5031,
    "message": "Maximum number of iterations has been exceeded.",
    "success": false,
    "nit": 50
}