{
    "expected_value": 37.8555,
    "optimal_gammas": [
        4.695062155036889,
        3.7467040235673066,
        1.3127130420710287
    ],
    "optimal_betas": [
        1.363652472362113,
        0.5204470474066007,
        1.5523247108057203
    ],
    "problem_identifier": "{'W': [1, 1], 'W_max': 2, 'A': 32, 'B': 4, 'C': 64}",
    "now": "2021-05-10 21:22:37",
    "execution_time": "1:15:39.249266",
    "nfev": 4737,
    "message": "Maximum number of iterations has been exceeded.",
    "success": false,
    "nit": 50,
    "routing": "network"
}