{
    "expected_value": 15.147376942245685,
    "optimal_gammas": [
        0.811597716546377,
        5.34877862636549,
        1.8818362572423994,
        3.4281919970095154,
        2.968628956402962
    ],
    "optimal_betas": [
        1.5819297243256125,
        1.6545740945118095,
        2.5804128664061783,
        2.432376440513185,
        0.9516869587459216
    ],
    "problem_identifier": "{'W': [1, 1], 'W_max': 2, 'A': 36, 'B': 4, 'C': 36}",
    "now": "2021-05-12 04:34:59",
    "execution_time": "1:59:13.676463",
    "nfev": 9817,
    "message": "Maximum number of iterations has been exceeded.",
    "success": false,
    "nit": 50
}