{
    "expected_value": 42.9743,
    "optimal_gammas": [
        3.131581350796266,
        3.146693565385102,
        0.161905264606777,
        5.514532228790065,
        1.39266615823959,
        0.5076419493352307
    ],
    "optimal_betas": [
        0.7478503154764704,
        2.8874150472339175,
        2.919626259806263,
        0.10611118422299973,
        2.7046452295879435,
        0.14439701505311675
    ],
    "problem_identifier": "{'W': [1, 1], 'W_max': 2, 'A': 32, 'B': 4, 'C': 64}",
    "now": "2021-05-10 19:44:54",
    "execution_time": "4:20:34.066266",
    "nfev": 9531,
    "message": "Maximum number of iterations has been exceeded.",
    "success": false,
    "nit": 50,
    "routing": "linegrid"
}