{
    "expected_value": 1.0000000013223753,
    "optimal_gammas": [
        4.483924348022537,
        0.24558256983730412,
        4.485603161201141,
        2.4992635900230047
    ],
    "optimal_betas": [
        0.5253064649547765,
        2.5113166062943746,
        1.638611359685537,
        1.2647087635420189
    ],
    "problem_identifier": "{'W': [1], 'W_max': 1, 'A': 12, 'B': 4, 'C': 24}",
    "now": "2021-05-12 01:56:53",
    "execution_time": "0:15:37.007753",
    "nfev": 6354,
    "message": "Maximum number of iterations has been exceeded.",
    "success": false,
    "nit": 50
}