{
    "expected_value": 28.82162670043445,
    "optimal_gammas": [
        3.410489353598508,
        1.835242898421429,
        3.9212586818194928,
        1.661898342240837,
        2.785205289260788
    ],
    "optimal_betas": [
        0.5122951378267274,
        0.8143649906108948,
        0.5168170186298057,
        2.619185404093327,
        0.22945526172356498
    ],
    "problem_identifier": "{'W': [1, 1], 'W_max': 2, 'A': 36, 'B': 4, 'C': 72}",
    "now": "2021-05-12 10:31:35",
    "execution_time": "3:34:46.433159",
    "nfev": 10081,
    "message": "Maximum number of iterations has been exceeded.",
    "success": false,
    "nit": 50
}