{
    "expected_value": 37.7678,
    "optimal_gammas": [
        0.5873081590294802,
        4.956194702641777,
        4.144562847488139
    ],
    "optimal_betas": [
        0.9403359622769064,
        1.462424097994163,
        2.9023006874602912
    ],
    "problem_identifier": "{'W': [1, 1], 'W_max': 2, 'A': 32, 'B': 4, 'C': 64}",
    "now": "2021-05-10 18:58:28",
    "execution_time": "1:25:29.361614",
    "nfev": 4765,
    "message": "Maximum number of iterations has been exceeded.",
    "success": false,
    "nit": 50,
    "routing": "linegrid"
}