{
    "expected_value": 34.3025,
    "optimal_gammas": [
        4.148770778162875,
        3.51711979951877,
        4.278166115603285
    ],
    "optimal_betas": [
        1.3687996669972669,
        2.3430309015513617,
        1.5010107240685255
    ],
    "problem_identifier": "{'W': [1, 1], 'W_max': 2, 'A': 32, 'B': 4, 'C': 64}",
    "now": "2021-05-10 19:15:30",
    "execution_time": "8:02:49.706303",
    "nfev": 4751,
    "message": "Maximum number of iterations has been exceeded.",
    "success": false,
    "nit": 50,
    "routing": "transpile"
}