{
    "expected_value": 40.9939,
    "optimal_gammas": [
        1.181761210501462,
        2.3385132462724534,
        1.5677790185605776,
        5.0702545265227155,
        1.9671945233902197,
        4.727011199794265
    ],
    "optimal_betas": [
        1.6543497005503787,
        0.6982422828073298,
        2.773224348828266,
        1.193946733587301,
        1.045457503185105,
        1.2964534261339289
    ],
    "problem_identifier": "{'W': [1, 1], 'W_max': 2, 'A': 32, 'B': 4, 'C': 64}",
    "now": "2021-05-10 20:01:44",
    "execution_time": "3:05:43.925478",
    "nfev": 9544,
    "message": "Maximum number of iterations has been exceeded.",
    "success": false,
    "nit": 50,
    "routing": "network"
}