{
    "expected_value": 1.00000000006093,
    "optimal_gammas": [
        5.341288128105172,
        2.39666286048979,
        5.684779826886222,
        4.0805024013596425,
        1.428290170834554
    ],
    "optimal_betas": [
        2.7184966930525505,
        2.386393610274295,
        1.583748553713137,
        1.626515990085299,
        2.8691196879132463
    ],
    "problem_identifier": "{'W': [1], 'W_max': 1, 'A': 12, 'B': 4, 'C': 48}",
    "now": "2021-05-12 02:58:04",
    "execution_time": "0:56:19.438881",
    "nfev": 8376,
    "message": "Maximum number of iterations has been exceeded.",
    "success": false,
    "nit": 50
}