{
    "expected_value": 47.19914715658223,
    "optimal_gammas": [
        1.7579280202555034,
        2.4570893792866206,
        2.6249444423274912,
        3.97814957350713,
        0.7544520238676388
    ],
    "optimal_betas": [
        1.2916674958159928,
        1.8386355512729433,
        0.0,
        1.6370173541500692,
        1.2978869771609272
    ],
    "problem_identifier": "{'W': [1, 1], 'W_max': 2, 'A': 36, 'B': 4, 'C': 144}",
    "now": "2021-05-12 05:56:19",
    "execution_time": "2:03:01.764240",
    "nfev": 8508,
    "message": "Maximum number of iterations has been exceeded.",
    "success": false,
    "nit": 50
}