{
    "expected_value": 38.8624,
    "optimal_gammas": [
        4.691082216170991,
        2.5971183052912896
    ],
    "optimal_betas": [
        0.17697466026573117,
        2.748424708265196
    ],
    "problem_identifier": "{'W': [1, 1], 'W_max': 2, 'A': 32, 'B': 4, 'C': 64}",
    "now": "2021-05-11 05:57:12",
    "execution_time": "3:39:05.639647",
    "nfev": 3165,
    "message": "Maximum number of iterations has been exceeded.",
    "success": false,
    "nit": 50,
    "routing": "transpile"
}