{
    "expected_value": 42.8419,
    "optimal_gammas": [
        1.7802182872659735,
        1.6327011789547123,
        5.038227869501146,
        1.9161131704850698,
        4.438782406872289,
        2.7851792359230565
    ],
    "optimal_betas": [
        3.084491980027912,
        1.5798006866268188,
        0.7595555893879149,
        1.3323261153595414,
        1.4490643237586347,
        1.444410659141401
    ],
    "problem_identifier": "{'W': [1, 1], 'W_max': 2, 'A': 32, 'B': 4, 'C': 64}",
    "now": "2021-05-10 13:57:29",
    "execution_time": "2:44:49.328035",
    "nfev": 9609,
    "message": "Maximum number of iterations has been exceeded.",
    "success": false,
    "nit": 50,
    "routing": "network"
}