{
    "expected_value": 19.033844560769715,
    "optimal_gammas": [
        4.071450734355414,
        4.142981383952604,
        4.633595589823088,
        0.06053364284838124,
        2.940465907806604
    ],
    "optimal_betas": [
        0.025355509259310644,
        1.53757462850889,
        3.121840688417483,
        0.6604445092162954,
        2.914222875765246
    ],
    "problem_identifier": "{'W': [1, 1], 'W_max': 2, 'A': 36, 'B': 4, 'C': 36}",
    "now": "2021-05-12 07:22:41",
    "execution_time": "2:47:42.328747",
    "nfev": 9036,
    "message": "Maximum number of iterations has been exceeded.",
    "success": false,
    "nit": 50
}