{
    "expected_value": 30.69008985048402,
    "optimal_gammas": [
        2.7005255159805435,
        1.8164258235796413,
        1.7612296759889945,
        2.5938053257595386,
        3.9190417217486857
    ],
    "optimal_betas": [
        1.7191499188108175,
        1.768187685396729,
        1.9030156632124373,
        1.9016961095803167,
        1.7873226514206144
    ],
    "problem_identifier": "{'W': [1, 1], 'W_max': 2, 'A': 36, 'B': 4, 'C': 72}",
    "now": "2021-05-12 02:21:25",
    "execution_time": "0:40:08.619212",
    "nfev": 9399,
    "message": "Maximum number of iterations has been exceeded.",
    "success": false,
    "nit": 50
}