{
    "expected_value": 1.1925,
    "optimal_gammas": [
        1.7523756285593082,
        5.261721365977544,
        5.407833651490155
    ],
    "optimal_betas": [
        1.1400829164372739,
        2.0456987610030946,
        2.107044671014182
    ],
    "problem_identifier": "{'W': [1], 'W_max': 1, 'A': 8, 'B': 4, 'C': 16}",
    "now": "2021-05-10 18:23:49",
    "execution_time": "0:59:06.161867",
    "nfev": 4737,
    "message": "Maximum number of iterations has been exceeded.",
    "success": false,
    "nit": 50,
    "routing": "transpile"
}