{
    "expected_value": 42.7646,
    "optimal_gammas": [
        0.9856885786868763,
        5.872513634501523,
        3.103519693380687,
        3.7865539006435625,
        2.2243593941196442,
        3.697144743317213
    ],
    "optimal_betas": [
        2.606778417002857,
        2.7930173813476245,
        1.301428590165714,
        0.1757773010753527,
        0.2943394619556594,
        0.24630913736427365
    ],
    "problem_identifier": "{'W': [1, 1], 'W_max': 2, 'A': 32, 'B': 4, 'C': 64}",
    "now": "2021-05-10 15:32:43",
    "execution_time": "4:20:03.011920",
    "nfev": 9583,
    "message": "Maximum number of iterations has been exceeded.",
    "success": false,
    "nit": 50,
    "routing": "line"
}