{
    "expected_value": 1.2271,
    "optimal_gammas": [
        6.0662264203311445,
        5.065315593302474,
        1.9556041610223733,
        1.1483841728125976
    ],
    "optimal_betas": [
        1.5647151477452232,
        1.6106739331591604,
        2.1972465971758712,
        0.5740486719204058
    ],
    "problem_identifier": "{'W': [1], 'W_max': 1, 'A': 8, 'B': 4, 'C': 16}",
    "now": "2021-05-10 14:30:22",
    "execution_time": "1:01:28.565785",
    "nfev": 6543,
    "message": "Maximum number of iterations has been exceeded.",
    "success": false,
    "nit": 50,
    "routing": "transpile"
}