{
    "expected_value": 1.1382,
    "optimal_gammas": [
        6.1758880283283855,
        5.781276286008762,
        3.364581378404277,
        0.2016043581928315,
        1.0716043930516101,
        2.042015167923883
    ],
    "optimal_betas": [
        2.5842624472706635,
        0.01239821138687458,
        0.9163857845865605,
        2.1371537402797913,
        1.2717042414386892,
        2.920926988782271
    ],
    "problem_identifier": "{'W': [1], 'W_max': 1, 'A': 8, 'B': 4, 'C': 16}",
    "now": "2021-05-11 01:37:22",
    "execution_time": "2:57:34.293396",
    "nfev": 9609,
    "message": "Maximum number of iterations has been exceeded.",
    "success": false,
    "nit": 50,
    "routing": "transpile"
}