{
    "expected_value": 35.3853,
    "optimal_gammas": [
        5.69703217163735,
        4.136299637585551
    ],
    "optimal_betas": [
        2.4544281244952795,
        1.315582124011886
    ],
    "problem_identifier": "{'W': [1, 1], 'W_max': 2, 'A': 32, 'B': 4, 'C': 64}",
    "now": "2021-05-10 14:58:46",
    "execution_time": "0:42:59.529356",
    "nfev": 3280,
    "message": "Maximum number of iterations has been exceeded.",
    "success": false,
    "nit": 50,
    "routing": "linegrid"
}