{
    "expected_value": 32.42257736152695,
    "optimal_gammas": [
        5.785887579099011,
        3.1110714775533976,
        3.1125000933281717
    ],
    "optimal_betas": [
        1.5699823548715988,
        0.8889400955789499,
        2.8982877805472143
    ],
    "problem_identifier": "{'W': [1, 1], 'W_max': 2, 'A': 36, 'B': 4, 'C': 72}",
    "now": "2021-05-12 07:56:03",
    "execution_time": "1:34:38.396492",
    "nfev": 4898,
    "message": "Maximum number of iterations has been exceeded.",
    "success": false,
    "nit": 50
}