{
    "expected_value": 34.0382,
    "optimal_gammas": [
        4.306590801167757,
        4.3058449200105375,
        2.365790132541261
    ],
    "optimal_betas": [
        0.7637200631299332,
        0.6613474114100012,
        2.864138463410073
    ],
    "problem_identifier": "{'W': [1, 1], 'W_max': 2, 'A': 32, 'B': 4, 'C': 64}",
    "now": "2021-05-11 03:15:39",
    "execution_time": "8:00:09.244662",
    "nfev": 4737,
    "message": "Maximum number of iterations has been exceeded.",
    "success": false,
    "nit": 50,
    "routing": "transpile"
}