{
    "expected_value": 1.0000000000036922,
    "optimal_gammas": [
        3.3184104367078433,
        5.035907632322935,
        0.003411811605739705,
        2.819936261398693
    ],
    "optimal_betas": [
        0.14082379132289496,
        2.6137337104028004,
        1.4175350436503347,
        1.3743484857075492
    ],
    "problem_identifier": "{'W': [1], 'W_max': 1, 'A': 12, 'B': 4, 'C': 48}",
    "now": "2021-05-12 04:47:06",
    "execution_time": "1:18:32.325617",
    "nfev": 6435,
    "message": "Maximum number of iterations has been exceeded.",
    "success": false,
    "nit": 50
}