{
    "expected_value": 1.002,
    "optimal_gammas": [
        0.23403577944045795,
        0.5434698411380285
    ],
    "optimal_betas": [
        1.3189087184864647,
        0.8967609939313506
    ],
    "problem_identifier": "{'W': [1], 'W_max': 1, 'A': 8, 'B': 4, 'C': 16}",
    "now": "2021-05-10 12:00:11",
    "execution_time": "0:17:34.198182",
    "nfev": 3165,
    "message": "Maximum number of iterations has been exceeded.",
    "success": false,
    "nit": 50,
    "routing": "transpile"
}