{
    "expected_value": 20.667797870075606,
    "optimal_gammas": [
        1.45509107292555,
        2.147394943176575,
        5.847968629705224,
        2.2905532506427555,
        1.964977464141024
    ],
    "optimal_betas": [
        1.565224187559475,
        3.070175444998879,
        1.9573739496878444,
        1.7969153317787874,
        2.05396894083796
    ],
    "problem_identifier": "{'W': [1, 1, 1], 'W_max': 1, 'A': 16, 'B': 4, 'C': 32}",
    "now": "2021-05-12 06:31:38",
    "execution_time": "2:12:08.261454",
    "nfev": 9377,
    "message": "Maximum number of iterations has been exceeded.",
    "success": false,
    "nit": 50
}