{
    "expected_value": 1.1591,
    "optimal_gammas": [
        3.0624879511185776,
        3.3331261384925837,
        1.3814075387905231,
        0.002951648098670656,
        4.691608251793761
    ],
    "optimal_betas": [
        2.60450051513265,
        1.0775190721820347,
        2.201570940898049,
        2.9269549404830872,
        2.2468262366236305
    ],
    "problem_identifier": "{'W': [1], 'W_max': 1, 'A': 8, 'B': 4, 'C': 16}",
    "now": "2021-05-10 20:40:01",
    "execution_time": "1:46:54.494985",
    "nfev": 7881,
    "message": "Maximum number of iterations has been exceeded.",
    "success": false,
    "nit": 50,
    "routing": "transpile"
}