{
    "expected_value": 50.92433481701357,
    "optimal_gammas": [
        2.0745881158770447,
        0.5464052598244847,
        1.8661495473465022,
        3.188815640991033
    ],
    "optimal_betas": [
        1.6483083708039588,
        0.954947825685732,
        1.9142716103300055,
        2.885560665108106
    ],
    "problem_identifier": "{'W': [1, 1], 'W_max': 2, 'A': 36, 'B': 4, 'C': 144}",
    "now": "2021-05-12 10:43:28",
    "execution_time": "2:37:58.947459",
    "nfev": 6939,
    "message": "Maximum number of iterations has been exceeded.",
    "success": false,
    "nit": 50
}