{
    "expected_value": 1.0193,
    "optimal_gammas": [
        3.3791795189944795,
        2.1127915249532614
    ],
    "optimal_betas": [
        1.351341057063705,
        0.8534453534391155
    ],
    "problem_identifier": "{'W': [1], 'W_max': 1, 'A': 8, 'B': 4, 'C': 16}",
    "now": "2021-05-10 13:29:22",
    "execution_time": "0:25:17.245825",
    "nfev": 3185,
    "message": "Maximum number of iterations has been exceeded.",
    "success": false,
    "nit": 50,
    "routing": "transpile"
}