{
    "expected_value": 1.0000000000128209,
    "optimal_gammas": [
        3.5654171743234273,
        1.1917240523807515,
        5.490249428891654,
        3.297809956637339,
        2.77987091377645
    ],
    "optimal_betas": [
        1.8787589746675069,
        1.786055378062829,
        0.7116163169362633,
        2.320658434684382,
        0.9207659108874521
    ],
    "problem_identifier": "{'W': [1], 'W_max': 1, 'A': 12, 'B': 4, 'C': 24}",
    "now": "2021-05-12 07:32:39",
    "execution_time": "2:25:25.768885",
    "nfev": 7914,
    "message": "Maximum number of iterations has been exceeded.",
    "success": false,
    "nit": 50
}