{
    "expected_value": 42.0637,
    "optimal_gammas": [
        3.9095338087394302,
        5.324977801556328,
        5.565524692394893,
        5.72511381608043,
        0.7803636023019327
    ],
    "optimal_betas": [
        1.5184316599004772,
        2.5427569432308816,
        0.04528199183070658,
        1.5490744895070836,
        1.7202224415387852
    ],
    "problem_identifier": "{'W': [1, 1], 'W_max': 2, 'A': 32, 'B': 4, 'C': 64}",
    "now": "2021-05-11 08:10:59",
    "execution_time": "3:45:32.189609",
    "nfev": 7925,
    "message": "Maximum number of iterations has been exceeded.",
    "success": false,
    "nit": 50,
    "routing": "line"
}