{
    "expected_value": 1.3373,
    "optimal_gammas": [
        1.3880732686455564,
        3.17637853467448,
        2.6138310866499923
    ],
    "optimal_betas": [
        2.023199862840283,
        0.09354153226551548,
        2.0891676162481887
    ],
    "problem_identifier": "{'W': [1], 'W_max': 1, 'A': 8, 'B': 4, 'C': 16}",
    "now": "2021-05-10 11:34:54",
    "execution_time": "0:13:32.095027",
    "nfev": 4793,
    "message": "Maximum number of iterations has been exceeded.",
    "success": false,
    "nit": 50,
    "routing": "line"
}