{
    "expected_value": 1.379,
    "optimal_gammas": [
        3.355035434037102,
        2.010280072452118,
        5.304369894572506,
        4.582032728757039
    ],
    "optimal_betas": [
        2.4430473800424655,
        1.9400500179653264,
        0.06975973329707763,
        1.4682540964230009
    ],
    "problem_identifier": "{'W': [1], 'W_max': 1, 'A': 8, 'B': 4, 'C': 16}",
    "now": "2021-05-10 12:13:23",
    "execution_time": "0:27:43.860917",
    "nfev": 6327,
    "message": "Maximum number of iterations has been exceeded.",
    "success": false,
    "nit": 50,
    "routing": "linegrid"
}