{
    "expected_value": 37.8559,
    "optimal_gammas": [
        2.772935964932784,
        5.273762716640918,
        0.6793021571129148
    ],
    "optimal_betas": [
        1.743473173017334,
        0.8134077123686437,
        3.0237291992409663
    ],
    "problem_identifier": "{'W': [1, 1], 'W_max': 2, 'A': 32, 'B': 4, 'C': 64}",
    "now": "2021-05-10 18:55:42",
    "execution_time": "1:13:05.789935",
    "nfev": 5094,
    "message": "Maximum number of iterations has been exceeded.",
    "success": false,
    "nit": 50,
    "routing": "network"
}