{
    "expected_value": 1.0000000000790035,
    "optimal_gammas": [
        1.07445059545581,
        4.234310039780392,
        3.034671993234096
    ],
    "optimal_betas": [
        0.4275034368222187,
        3.0978174063857447,
        2.756460891018013
    ],
    "problem_identifier": "{'W': [1], 'W_max': 1, 'A': 12, 'B': 4, 'C': 48}",
    "now": "2021-05-12 01:48:56",
    "execution_time": "0:07:40.715661",
    "nfev": 4891,
    "message": "Maximum number of iterations has been exceeded.",
    "success": false,
    "nit": 50
}