{
    "expected_value": 1.0577092962536956,
    "optimal_gammas": [
        3.7381589971214284,
        1.524757860116874,
        0.5712018562153536,
        5.0693382084260525
    ],
    "optimal_betas": [
        2.2678779435546144,
        2.4003033068149024,
        0.8533008359935053,
        1.8775148015760816
    ],
    "problem_identifier": "{'W': [1], 'W_max': 1, 'A': 12, 'B': 4, 'C': 48}",
    "now": "2021-05-12 02:31:39",
    "execution_time": "0:37:24.803863",
    "nfev": 6903,
    "message": "Maximum number of iterations has been exceeded.",
    "success": false,
    "nit": 50
}