{
    "expected_value": 1.4462,
    "optimal_gammas": [
        4.6795129495772185,
        1.879823138806517,
        4.323149361951087,
        1.8858339356341556,
        1.5225869608030687,
        5.915835664179319
    ],
    "optimal_betas": [
        1.6408761753725087,
        2.4510109914934723,
        1.3462601803640037,
        0.31283068180070095,
        0.2482494659843082,
        1.4268013246209055
    ],
    "problem_identifier": "{'W': [1], 'W_max': 1, 'A': 8, 'B': 4, 'C': 16}",
    "now": "2021-05-11 00:36:16",
    "execution_time": "2:46:57.205460",
    "nfev": 9557,
    "message": "Maximum number of iterations has been exceeded.",
    "success": false,
    "nit": 50,
    "routing": "linegrid"
}