{
    "expected_value": 1.000000000066966,
    "optimal_gammas": [
        3.784841952577337,
        3.626996284636536,
        2.470994186705118,
        4.973384015027221,
        5.6636698271704855
    ],
    "optimal_betas": [
        0.9563289168012477,
        2.9001636959957033,
        0.6154058434217904,
        0.4996944310414547,
        2.7716766580108065
    ],
    "problem_identifier": "{'W': [1], 'W_max': 1, 'A': 12, 'B': 4, 'C': 48}",
    "now": "2021-05-12 02:01:45",
    "execution_time": "0:20:29.109819",
    "nfev": 8123,
    "message": "Maximum number of iterations has been exceeded.",
    "success": false,
    "nit": 50
}