{
    "expected_value": 1.3579,
    "optimal_gammas": [
        2.210438963041751,
        5.718061958269735,
        4.63385890667191,
        6.194212590758164,
        4.430714109630079,
        3.345359571961821
    ],
    "optimal_betas": [
        2.035343869582861,
        0.5164552347164599,
        3.0421296566549185,
        2.7018094660604786,
        1.8885745050209675,
        2.3586565069002474
    ],
    "problem_identifier": "{'W': [1], 'W_max': 1, 'A': 8, 'B': 4, 'C': 16}",
    "now": "2021-05-10 16:14:21",
    "execution_time": "1:36:05.469152",
    "nfev": 9596,
    "message": "Maximum number of iterations has been exceeded.",
    "success": false,
    "nit": 50,
    "routing": "network"
}