{
    "expected_value": 22.501129828018026,
    "optimal_gammas": [
        1.9652069762539208,
        3.1536249398204634,
        2.737763300989815,
        5.551941971501338,
        1.3982305232402303
    ],
    "optimal_betas": [
        0.5266638332882319,
        1.5515393617643072,
        2.4527593681853608,
        1.520330660273829,
        1.6047041013366434
    ],
    "problem_identifier": "{'W': [1, 1, 1], 'W_max': 1, 'A': 16, 'B': 4, 'C': 32}",
    "now": "2021-05-12 02:41:34",
    "execution_time": "1:00:16.641627",
    "nfev": 9883,
    "message": "Maximum number of iterations has been exceeded.",
    "success": false,
    "nit": 50
}