{
    "expected_value": 1.236,
    "optimal_gammas": [
        4.612557315669739,
        5.568808719437696,
        0.3748626814178458,
        4.155424248902203,
        2.8879078886325704
    ],
    "optimal_betas": [
        0.2316261499515629,
        0.6420575507499168,
        0.05933929894551649,
        2.192957412505678,
        0.9927644857063623
    ],
    "problem_identifier": "{'W': [1], 'W_max': 1, 'A': 8, 'B': 4, 'C': 16}",
    "now": "2021-05-10 13:08:16",
    "execution_time": "1:03:21.795667",
    "nfev": 8112,
    "message": "Maximum number of iterations has been exceeded.",
    "success": false,
    "nit": 50,
    "routing": "transpile"
}