{
    "expected_value": 52.324361330728706,
    "optimal_gammas": [
        3.1803283730117173,
        5.712493311442166,
        3.961534401119334
    ],
    "optimal_betas": [
        1.121584081410821,
        1.0319230384137368,
        1.5205775784040385
    ],
    "problem_identifier": "{'W': [1, 1], 'W_max': 2, 'A': 36, 'B': 4, 'C': 144}",
    "now": "2021-05-12 09:43:44",
    "execution_time": "1:47:54.154048",
    "nfev": 5045,
    "message": "Maximum number of iterations has been exceeded.",
    "success": false,
    "nit": 50
}