{
    "expected_value": 46.644261731216105,
    "optimal_gammas": [
        4.932980122772111,
        2.394531991478295,
        2.312525712344489,
        2.7074566665512996,
        6.197383489677572
    ],
    "optimal_betas": [
        0.16614022691737182,
        2.876935184359061,
        1.8471875404636882,
        2.507831311528237,
        0.45425132168335725
    ],
    "problem_identifier": "{'W': [1, 1], 'W_max': 2, 'A': 36, 'B': 4, 'C': 144}",
    "now": "2021-05-12 08:47:53",
    "execution_time": "2:51:33.653631",
    "nfev": 9157,
    "message": "Maximum number of iterations has been exceeded.",
    "success": false,
    "nit": 50
}