{
    "expected_value": 1.406,
    "optimal_gammas": [
        4.095621125422892,
        5.716391219729342,
        2.0170688324692665,
        1.4524471161409878
    ],
    "optimal_betas": [
        2.8252751687478317,
        2.4184745399093783,
        2.838376144193919,
        2.7857703325800376
    ],
    "problem_identifier": "{'W': [1], 'W_max': 1, 'A': 8, 'B': 4, 'C': 16}",
    "now": "2021-05-10 13:51:29",
    "execution_time": "0:49:59.726999",
    "nfev": 6363,
    "message": "Maximum number of iterations has been exceeded.",
    "success": false,
    "nit": 50,
    "routing": "line"
}