{
    "expected_value": 1.196,
    "optimal_gammas": [
        0.22066235819890903,
        3.646646169102468
    ],
    "optimal_betas": [
        1.1731732771445376,
        0.9972730247270084
    ],
    "problem_identifier": "{'W': [1], 'W_max': 1, 'A': 8, 'B': 4, 'C': 16}",
    "now": "2021-05-10 13:04:07",
    "execution_time": "0:20:29.914495",
    "nfev": 3230,
    "message": "Maximum number of iterations has been exceeded.",
    "success": false,
    "nit": 50,
    "routing": "network"
}