{
    "expected_value": 22.945905298433924,
    "optimal_gammas": [
        3.468768859884831,
        2.311126111592744,
        0.47543186308457547
    ],
    "optimal_betas": [
        1.8117672128216395,
        2.787083013300593,
        1.671595802085814
    ],
    "problem_identifier": "{'W': [1, 1], 'W_max': 2, 'A': 36, 'B': 4, 'C': 36}",
    "now": "2021-05-12 07:15:48",
    "execution_time": "1:34:23.729187",
    "nfev": 4891,
    "message": "Maximum number of iterations has been exceeded.",
    "success": false,
    "nit": 50
}