{
    "expected_value": 1.0000000002862122,
    "optimal_gammas": [
        1.1933876713630158,
        4.1553107678097465,
        5.036897633290274,
        0.8267451305579276,
        2.724237877579161
    ],
    "optimal_betas": [
        1.2598120245629068,
        1.702741145585804,
        0.4432295521377204,
        0.3485768778618204,
        1.6313160590280786
    ],
    "problem_identifier": "{'W': [1], 'W_max': 1, 'A': 12, 'B': 4, 'C': 24}",
    "now": "2021-05-12 05:07:13",
    "execution_time": "1:52:34.709768",
    "nfev": 8079,
    "message": "Maximum number of iterations has been exceeded.",
    "success": false,
    "nit": 50
}