{
    "expected_value": 1.0000000000975988,
    "optimal_gammas": [
        4.143425697293643,
        5.538813382765638,
        3.0408749281704845,
        2.534395545684382,
        5.550676038622509
    ],
    "optimal_betas": [
        2.134017274566499,
        0.039261104699691574,
        2.1726995462545973,
        2.435211381388665,
        0.03469732841317939
    ],
    "problem_identifier": "{'W': [1], 'W_max': 1, 'A': 12, 'B': 4, 'C': 12}",
    "now": "2021-05-12 02:06:20",
    "execution_time": "0:25:04.083452",
    "nfev": 7958,
    "message": "Maximum number of iterations has been exceeded.",
    "success": false,
    "nit": 50
}