{
    "expected_value": 38.4684,
    "optimal_gammas": [
        5.095726828439714,
        2.969446583849316,
        1.598984725208742,
        3.3065049235907957
    ],
    "optimal_betas": [
        1.4248025420750907,
        2.7353699671352105,
        2.912340048900427,
        3.0981265327247813
    ],
    "problem_identifier": "{'W': [1, 1], 'W_max': 2, 'A': 32, 'B': 4, 'C': 64}",
    "now": "2021-05-10 20:28:28",
    "execution_time": "1:45:04.725274",
    "nfev": 6309,
    "message": "Maximum number of iterations has been exceeded.",
    "success": false,
    "nit": 50,
    "routing": "network"
}