{
    "expected_value": 44.1344,
    "optimal_gammas": [
        2.1740481628983592,
        2.178300611441412,
        0.27601501742244583,
        3.517793857500748,
        5.314386937531158,
        3.7248632436460705
    ],
    "optimal_betas": [
        2.10010995905633,
        0.38185265790833456,
        0.016916159533629127,
        1.66829944641604,
        1.6192309873082102,
        0.2682678650004042
    ],
    "problem_identifier": "{'W': [1, 1], 'W_max': 2, 'A': 32, 'B': 4, 'C': 64}",
    "now": "2021-05-10 15:24:20",
    "execution_time": "4:11:40.283532",
    "nfev": 9557,
    "message": "Maximum number of iterations has been exceeded.",
    "success": false,
    "nit": 50,
    "routing": "linegrid"
}