{
    "expected_value": 1.0000000000597493,
    "optimal_gammas": [
        4.227614936096582,
        2.542464847223159,
        2.110938584044094,
        0.9110942124794718
    ],
    "optimal_betas": [
        2.8452250065405136,
        1.1708484636227863,
        1.4909199128674042,
        1.796484352854356
    ],
    "problem_identifier": "{'W': [1], 'W_max': 1, 'A': 12, 'B': 4, 'C': 48}",
    "now": "2021-05-12 10:47:59",
    "execution_time": "2:26:02.958874",
    "nfev": 6777,
    "message": "Maximum number of iterations has been exceeded.",
    "success": false,
    "nit": 50
}