{
    "expected_value": 1.0000000000890885,
    "optimal_gammas": [
        2.529020821449583,
        2.463739732779893,
        2.02765802566905,
        4.121554770313001,
        3.7744031577159975
    ],
    "optimal_betas": [
        0.39675920265508247,
        1.999261139593241,
        1.6487567798696368,
        2.4973067723771503,
        2.940839897340116
    ],
    "problem_identifier": "{'W': [1], 'W_max': 1, 'A': 12, 'B': 4, 'C': 24}",
    "now": "2021-05-12 02:06:01",
    "execution_time": "0:24:45.415444",
    "nfev": 7914,
    "message": "Maximum number of iterations has been exceeded.",
    "success": false,
    "nit": 50
}