{
    "expected_value": 1.3066,
    "optimal_gammas": [
        4.930403013283055,
        2.9959744204246945
    ],
    "optimal_betas": [
        1.8658623841092392,
        0.6520332342018823
    ],
    "problem_identifier": "{'W': [1], 'W_max': 1, 'A': 8, 'B': 4, 'C': 16}",
    "now": "2021-05-10 11:42:37",
    "execution_time": "0:15:49.972730",
    "nfev": 3195,
    "message": "Maximum number of iterations has been exceeded.",
    "success": false,
    "nit": 50,
    "routing": "transpile"
}