{
    "expected_value": 1.317,
    "optimal_gammas": [
        4.861545579727719,
        0.07123233969205112,
        4.318193303670856,
        4.85906495303129
    ],
    "optimal_betas": [
        3.097179072446597,
        0.9232005530508991,
        2.516709418476031,
        1.7099459684364369
    ],
    "problem_identifier": "{'W': [1], 'W_max': 1, 'A': 8, 'B': 4, 'C': 16}",
    "now": "2021-05-10 11:25:32",
    "execution_time": "0:12:52.424880",
    "nfev": 6309,
    "message": "Maximum number of iterations has been exceeded.",
    "success": false,
    "nit": 50,
    "routing": "linegrid"
}