{
    "expected_value": 42.0252,
    "optimal_gammas": [
        0.2005430965179582,
        2.356821521432772,
        2.4377169512881087,
        1.0256775634674238,
        6.191769593325329
    ],
    "optimal_betas": [
        1.7456452317866438,
        2.4217863549429772,
        3.08040736174687,
        2.93031850956302,
        2.8584681458558094
    ],
    "problem_identifier": "{'W': [1, 1], 'W_max': 2, 'A': 32, 'B': 4, 'C': 64}",
    "now": "2021-05-11 04:25:27",
    "execution_time": "3:39:32.099449",
    "nfev": 7958,
    "message": "Maximum number of iterations has been exceeded.",
    "success": false,
    "nit": 50,
    "routing": "line"
}