{
    "expected_value": 45.98105366908992,
    "optimal_gammas": [
        4.697719888672093,
        5.258530900359344,
        1.3852136170294815,
        3.62946434040134,
        6.111637308532872
    ],
    "optimal_betas": [
        1.7033474872276504,
        1.5618154281348189,
        1.1640879596391993,
        2.0613289834206374,
        0.859144264081541
    ],
    "problem_identifier": "{'W': [1, 1], 'W_max': 2, 'A': 36, 'B': 4, 'C': 144}",
    "now": "2021-05-12 03:53:17",
    "execution_time": "1:33:21.647079",
    "nfev": 9817,
    "message": "Maximum number of iterations has been exceeded.",
    "success": false,
    "nit": 50
}