{
    "expected_value": 18.740974495512507,
    "optimal_gammas": [
        1.1651449528951747,
        5.819416057465076,
        1.7573546430913412,
        3.4207478540570335,
        5.057631500352742
    ],
    "optimal_betas": [
        0.9713915914127649,
        1.777929941412374,
        2.9968198171558558,
        2.9797397130035517,
        1.7785041115611477
    ],
    "problem_identifier": "{'W': [1, 1, 1], 'W_max': 1, 'A': 16, 'B': 4, 'C': 32}",
    "now": "2021-05-12 09:18:19",
    "execution_time": "2:46:41.469684",
    "nfev": 8915,
    "message": "Maximum number of iterations has been exceeded.",
    "success": false,
    "nit": 50
}