{
    "expected_value": 1.385,
    "optimal_gammas": [
        4.479370951893753,
        5.661205538951246,
        5.003776590664985,
        2.405764472211727
    ],
    "optimal_betas": [
        0.8855351824238101,
        1.1600477151106103,
        0.6417076551787022,
        1.1899164839884722
    ],
    "problem_identifier": "{'W': [1], 'W_max': 1, 'A': 8, 'B': 4, 'C': 16}",
    "now": "2021-05-10 14:50:25",
    "execution_time": "0:58:55.987699",
    "nfev": 6354,
    "message": "Maximum number of iterations has been exceeded.",
    "success": false,
    "nit": 50,
    "routing": "line"
}