{
    "expected_value": 30.23426398182987,
    "optimal_gammas": [
        1.0572982286725892,
        5.061415396907211,
        1.7218326333290241,
        0.2676471839643876,
        4.7721108931213685
    ],
    "optimal_betas": [
        2.2819887413995414,
        0.7459165212922857,
        0.4511956111658467,
        2.993878788438815,
        0.18332532540848606
    ],
    "problem_identifier": "{'W': [1, 1], 'W_max': 2, 'A': 36, 'B': 4, 'C': 72}",
    "now": "2021-05-12 06:56:49",
    "execution_time": "2:50:36.905669",
    "nfev": 10774,
    "message": "Maximum number of iterations has been exceeded.",
    "success": false,
    "nit": 50
}