{
    "expected_value": 38.4364,
    "optimal_gammas": [
        0.2019292298657046,
        1.1053824800849488,
        1.5466577461571889
    ],
    "optimal_betas": [
        0.9313745216367244,
        0.15665486538677728,
        3.119182787185105
    ],
    "problem_identifier": "{'W': [1, 1], 'W_max': 2, 'A': 32, 'B': 4, 'C': 64}",
    "now": "2021-05-10 17:44:17",
    "execution_time": "1:26:10.381316",
    "nfev": 4772,
    "message": "Maximum number of iterations has been exceeded.",
    "success": false,
    "nit": 50,
    "routing": "line"
}