{
    "expected_value": 1.3273,
    "optimal_gammas": [
        5.625537936395924,
        5.314219433718204,
        0.014389194315687082
    ],
    "optimal_betas": [
        1.9342024544536889,
        2.340181503972556,
        1.4824978627245637
    ],
    "problem_identifier": "{'W': [1], 'W_max': 1, 'A': 8, 'B': 4, 'C': 16}",
    "now": "2021-05-10 11:20:44",
    "execution_time": "0:08:04.244428",
    "nfev": 4744,
    "message": "Maximum number of iterations has been exceeded.",
    "success": false,
    "nit": 50,
    "routing": "star"
}