{
    "expected_value": 1.3487,
    "optimal_gammas": [
        1.8454552074818025,
        0.6952242864934696,
        2.914316672454907,
        5.9728357975777575
    ],
    "optimal_betas": [
        0.8596483168681167,
        0.2067206154489099,
        0.316540886291936,
        0.851939338652726
    ],
    "problem_identifier": "{'W': [1], 'W_max': 1, 'A': 8, 'B': 4, 'C': 16}",
    "now": "2021-05-10 13:01:29",
    "execution_time": "0:40:50.502101",
    "nfev": 6372,
    "message": "Maximum number of iterations has been exceeded.",
    "success": false,
    "nit": 50,
    "routing": "line"
}