{
    "expected_value": 1.0366,
    "optimal_gammas": [
        2.633243748305975,
        3.9249771452301836,
        3.914785596806493,
        0.32047710630466497,
        2.7379884683892457,
        5.622151963650148
    ],
    "optimal_betas": [
        2.0269546254657183,
        1.312083152462116,
        1.4139874867220033,
        1.138780346442445,
        1.9679752487595632,
        1.58596419546603
    ],
    "problem_identifier": "{'W': [1], 'W_max': 1, 'A': 8, 'B': 4, 'C': 16}",
    "now": "2021-05-10 19:59:52",
    "execution_time": "2:17:39.565044",
    "nfev": 9583,
    "message": "Maximum number of iterations has been exceeded.",
    "success": false,
    "nit": 50,
    "routing": "transpile"
}