{
    "expected_value": 42.514,
    "optimal_gammas": [
        4.725790056235858,
        4.295050899506533,
        6.022648336280058,
        3.9037056675501285,
        3.1478320441756145,
        2.2828540216206625
    ],
    "optimal_betas": [
        0.10462868503680542,
        0.39307490888230795,
        3.067030425674747,
        0.16680024164989285,
        0.007283658299699959,
        0.10582616544049739
    ],
    "problem_identifier": "{'W': [1, 1], 'W_max': 2, 'A': 32, 'B': 4, 'C': 64}",
    "now": "2021-05-11 10:02:24",
    "execution_time": "4:49:24.180932",
    "nfev": 9674,
    "message": "Maximum number of iterations has been exceeded.",
    "success": false,
    "nit": 50,
    "routing": "linegrid"
}