{
    "expected_value": 1.3132,
    "optimal_gammas": [
        1.125986558764771,
        0.2156213613925022,
        2.8018950639320304
    ],
    "optimal_betas": [
        1.1440400109646356,
        2.125199346921516,
        2.4501267476348345
    ],
    "problem_identifier": "{'W': [1], 'W_max': 1, 'A': 8, 'B': 4, 'C': 16}",
    "now": "2021-05-10 11:52:40",
    "execution_time": "0:18:05.246952",
    "nfev": 4737,
    "message": "Maximum number of iterations has been exceeded.",
    "success": false,
    "nit": 50,
    "routing": "network"
}