{
    "expected_value": 1.3653,
    "optimal_gammas": [
        0.08719064898170625,
        0.06173696327518563,
        4.503007638680085,
        5.098855163401144,
        1.7972125497719038,
        3.6175895572249432
    ],
    "optimal_betas": [
        1.1841076786487224,
        2.27762631673028,
        2.1663568733801237,
        1.0287841652961824,
        2.4330298374488026,
        1.6578118892000464
    ],
    "problem_identifier": "{'W': [1], 'W_max': 1, 'A': 8, 'B': 4, 'C': 16}",
    "now": "2021-05-10 17:18:44",
    "execution_time": "1:35:43.678745",
    "nfev": 9453,
    "message": "Maximum number of iterations has been exceeded.",
    "success": false,
    "nit": 50,
    "routing": "linegrid"
}