{
    "expected_value": 38.1486,
    "optimal_gammas": [
        3.1602288698278285,
        0.9881427272179395
    ],
    "optimal_betas": [
        2.870341706659894,
        3.045062549512102
    ],
    "problem_identifier": "{'W': [1, 1], 'W_max': 2, 'A': 32, 'B': 4, 'C': 64}",
    "now": "2021-05-10 14:59:35",
    "execution_time": "3:46:55.646564",
    "nfev": 3190,
    "message": "Maximum number of iterations has been exceeded.",
    "success": false,
    "nit": 50,
    "routing": "transpile"
}