{
    "expected_value": 1.2869,
    "optimal_gammas": [
        1.8021727859065308,
        0.4360002492889352
    ],
    "optimal_betas": [
        2.6025677082566085,
        0.6487017861585056
    ],
    "problem_identifier": "{'W': [1], 'W_max': 1, 'A': 8, 'B': 4, 'C': 16}",
    "now": "2021-05-10 13:24:58",
    "execution_time": "0:21:47.511927",
    "nfev": 3170,
    "message": "Maximum number of iterations has been exceeded.",
    "success": false,
    "nit": 50,
    "routing": "linegrid"
}