{
    "expected_value": 33.92383538127782,
    "optimal_gammas": [
        1.0296367436628988,
        1.2309908165313213,
        4.354131827661423
    ],
    "optimal_betas": [
        1.2876731674863422,
        2.485904567492243,
        0.0
    ],
    "problem_identifier": "{'W': [1, 1], 'W_max': 2, 'A': 36, 'B': 4, 'C': 72}",
    "now": "2021-05-12 02:20:18",
    "execution_time": "0:27:14.235104",
    "nfev": 5003,
    "message": "Maximum number of iterations has been exceeded.",
    "success": false,
    "nit": 50
}