{
    "expected_value": 37.6114,
    "optimal_gammas": [
        3.159879423720038,
        2.760299839913584
    ],
    "optimal_betas": [
        2.7665968500757705,
        2.986093316643163
    ],
    "problem_identifier": "{'W': [1, 1], 'W_max': 2, 'A': 32, 'B': 4, 'C': 64}",
    "now": "2021-05-10 22:23:10",
    "execution_time": "3:40:48.427240",
    "nfev": 3150,
    "message": "Maximum number of iterations has been exceeded.",
    "success": false,
    "nit": 50,
    "routing": "transpile"
}