{
    "expected_value": 44.3953,
    "optimal_gammas": [
        1.7762943894310783,
        1.8930851593388938,
        1.7224648781804137,
        1.7542604346133868,
        4.098754431427725,
        1.8587620281890163
    ],
    "optimal_betas": [
        0.887578087943656,
        1.5793006204823172,
        3.064187232181072,
        0.21461419616761457,
        1.4639156062597718,
        3.070823220198185
    ],
    "problem_identifier": "{'W': [1, 1], 'W_max': 2, 'A': 32, 'B': 4, 'C': 64}",
    "now": "2021-05-11 05:13:00",
    "execution_time": "4:31:44.622355",
    "nfev": 9596,
    "message": "Maximum number of iterations has been exceeded.",
    "success": false,
    "nit": 50,
    "routing": "linegrid"
}