{
    "expected_value": 1.41,
    "optimal_gammas": [
        1.3227613575134805,
        5.677607226807364,
        1.7780804329298938,
        0.5134729217959864,
        3.298500714121335
    ],
    "optimal_betas": [
        1.635403581581246,
        2.276311705587519,
        1.713590098458013,
        0.1491969475042283,
        1.4402539164177837
    ],
    "problem_identifier": "{'W': [1], 'W_max': 1, 'A': 8, 'B': 4, 'C': 16}",
    "now": "2021-05-10 11:31:13",
    "execution_time": "0:18:33.323940",
    "nfev": 8156,
    "message": "Maximum number of iterations has been exceeded.",
    "success": false,
    "nit": 50,
    "routing": "linegrid"
}