{
    "expected_value": 41.6018,
    "optimal_gammas": [
        0.16769026887375826,
        2.371949855013415,
        1.0639149411361428,
        1.6398585514816268,
        3.1339749563853054,
        2.863688256908988
    ],
    "optimal_betas": [
        1.4158769136832385,
        0.8960166163652472,
        1.7615375638495667,
        0.5972884011107572,
        2.702224517900732,
        0.18939814736170169
    ],
    "problem_identifier": "{'W': [1, 1], 'W_max': 2, 'A': 32, 'B': 4, 'C': 64}",
    "now": "2021-05-11 03:13:55",
    "execution_time": "3:34:26.923555",
    "nfev": 9635,
    "message": "Maximum number of iterations has been exceeded.",
    "success": false,
    "nit": 50,
    "routing": "network"
}