{
    "expected_value": 1.0000000000074913,
    "optimal_gammas": [
        3.546691278925428,
        1.0750161476362026,
        3.5620806278061568,
        5.153796481865947
    ],
    "optimal_betas": [
        1.9508987315180155,
        2.4723320279776013,
        1.3144454748579462,
        2.5886953661518244
    ],
    "problem_identifier": "{'W': [1], 'W_max': 1, 'A': 12, 'B': 4, 'C': 24}",
    "now": "2021-05-12 07:26:27",
    "execution_time": "2:00:33.193878",
    "nfev": 6336,
    "message": "Maximum number of iterations has been exceeded.",
    "success": false,
    "nit": 50
}