{
    "expected_value": 1.000000000826295,
    "optimal_gammas": [
        5.138360782305475,
        1.9860469742718505,
        3.905155247257798,
        0.5685309974743713,
        1.6630457655941704
    ],
    "optimal_betas": [
        2.0844481463905864,
        0.4783934309757526,
        0.6132288366063275,
        3.0250149400791613,
        0.6040812503275597
    ],
    "problem_identifier": "{'W': [1], 'W_max': 1, 'A': 12, 'B': 4, 'C': 24}",
    "now": "2021-05-12 03:14:38",
    "execution_time": "1:08:36.848472",
    "nfev": 7980,
    "message": "Maximum number of iterations has been exceeded.",
    "success": false,
    "nit": 50
}