{
    "expected_value": 1.0991,
    "optimal_gammas": [
        2.9939846202369123,
        4.365424433546861,
        0.3535378109128209,
        4.165022446697059,
        0.6030223897695497,
        2.810446715106147
    ],
    "optimal_betas": [
        0.6846003965380125,
        2.8119894682391307,
        2.4962078521796167,
        1.768171568323776,
        2.5634608936459555,
        1.3171065813747784
    ],
    "problem_identifier": "{'W': [1], 'W_max': 1, 'A': 8, 'B': 4, 'C': 16}",
    "now": "2021-05-10 12:23:46",
    "execution_time": "1:11:06.054893",
    "nfev": 9778,
    "message": "Maximum number of iterations has been exceeded.",
    "success": false,
    "nit": 50,
    "routing": "transpile"
}