{
    "expected_value": 1.0000000000001912,
    "optimal_gammas": [
        5.506991961782934,
        2.1598449186051223,
        1.7579410698340352
    ],
    "optimal_betas": [
        1.57079627193933,
        1.5707967125568545,
        2.356194586903509
    ],
    "problem_identifier": "{'W': [1], 'W_max': 1, 'A': 12, 'B': 4, 'C': 12}",
    "now": "2021-05-12 03:31:40",
    "execution_time": "0:47:23.326223",
    "nfev": 4863,
    "message": "Maximum number of iterations has been exceeded.",
    "success": false,
    "nit": 50
}