{
    "expected_value": 38.2406,
    "optimal_gammas": [
        4.334743952549175,
        2.9556075003836852
    ],
    "optimal_betas": [
        2.8194227489925563,
        2.8960068225890288
    ],
    "problem_identifier": "{'W': [1, 1], 'W_max': 2, 'A': 32, 'B': 4, 'C': 64}",
    "now": "2021-05-11 02:18:07",
    "execution_time": "3:54:56.527904",
    "nfev": 3265,
    "message": "Maximum number of iterations has been exceeded.",
    "success": false,
    "nit": 50,
    "routing": "transpile"
}