{
    "expected_value": 1.0000000000014626,
    "optimal_gammas": [
        4.31576055830205,
        2.8594197583519327,
        4.233409999226373,
        0.04165748297195644,
        3.5064520593414286
    ],
    "optimal_betas": [
        0.5881000461321059,
        1.3084196050524275,
        1.4378118050215325,
        2.0558691694841573,
        1.1017122671706832
    ],
    "problem_identifier": "{'W': [1], 'W_max': 1, 'A': 12, 'B': 4, 'C': 12}",
    "now": "2021-05-12 03:12:18",
    "execution_time": "1:05:57.821542",
    "nfev": 7881,
    "message": "Maximum number of iterations has been exceeded.",
    "success": false,
    "nit": 50
}