{
    "expected_value": 1.4452,
    "optimal_gammas": [
        0.984532576976638,
        1.3655293772156578,
        5.704730164746309,
        1.6391807236955167,
        3.7192723892228496
    ],
    "optimal_betas": [
        0.013942129182940334,
        2.925026058195409,
        2.896807309380111,
        1.4123188557047979,
        0.8124266228788555
    ],
    "problem_identifier": "{'W': [1], 'W_max': 1, 'A': 8, 'B': 4, 'C': 16}",
    "now": "2021-05-10 11:31:18",
    "execution_time": "0:18:38.032310",
    "nfev": 7925,
    "message": "Maximum number of iterations has been exceeded.",
    "success": false,
    "nit": 50,
    "routing": "star"
}