{
    "expected_value": 37.4372,
    "optimal_gammas": [
        4.884332917761576,
        2.555362531818709,
        4.13753658385629
    ],
    "optimal_betas": [
        0.17256769200925104,
        1.3034300183022156,
        2.3059144144924466
    ],
    "problem_identifier": "{'W': [1, 1], 'W_max': 2, 'A': 32, 'B': 4, 'C': 64}",
    "now": "2021-05-10 20:06:58",
    "execution_time": "1:11:16.257553",
    "nfev": 4800,
    "message": "Maximum number of iterations has been exceeded.",
    "success": false,
    "nit": 50,
    "routing": "network"
}